NIFTY TOTAL MARKET,NIFTY 50,NIFTY BANK,NIFTY NEXT 50,NIFTY AUTO,NIFTY FMCG,NIFTY IT,NIFTY MEDIA,NIFTY METAL,NIFTY PHARMA,NIFTY PSU BANK,NIFTY PRIVATE BANK,NIFTY REALTY,NIFTY HEALTHCARE INDEX,NIFTY CONSUMER DURABLES,NIFTY OIL & GAS,NIFTY COMMODITIES,NIFTY INDIA CONSUMPTION,NIFTY ENERGY,NIFTY INFRASTRUCTURE,NIFTY INDIA DEFENCE,NIFTY INDIA TOURISM,NIFTY CAPITAL MARKETS,NIFTY EV & NEW AGE AUTOMOTIVE,NIFTY MOBILITY,NIFTY RURAL
TEJASNET,RELIANCE,HDFCBANK,VEDL,M&M,ITC,INFY,PFOCUS,TATASTEEL,SUNPHARMA,SBIN,HDFCBANK,DLF,SUNPHARMA,DIXON,RELIANCE,RELIANCE,BHARTIARTL,RELIANCE,RELIANCE,PARAS,INDIGO,BSE,RELIANCE,RELIANCE,BHARTIARTL
RELIANCE,BHARTIARTL,ICICIBANK,HAL,MARUTI,HINDUNILVR,TCS,ZEEL,VEDL,LUPIN,CANBK,ICICIBANK,GODREJPROP,APOLLOHOSP,TITAN,ONGC,ONGC,M&M,ONGC,BHARTIARTL,BEL,ITCHOTELS,MCX,M&M,M&M,SBIN
BHARTIARTL,HDFCBANK,SBIN,SOLARINDS,TMPV,VBL,HCLTECH,PVRINOX,HINDCOPPER,CIPLA,BANKBARODA,AXISBANK,LODHA,MAXHEALTH,AMBER,OIL,TATASTEEL,INDIGO,OIL,LT,HAL,INDHOTEL,CDSL,MARUTI,INDIGO,M&M
HDFCBANK,LT,AXISBANK,DLF,ASHOKLEY,GODREJCP,WIPRO,NAZARA,NATIONALUM,DRREDDY,UNIONBANK,KOTAKBANK,ANANTRAJ,LUPIN,PGEL,PETRONET,VEDL,ETERNAL,POWERGRID,ONGC,SOLARINDS,JUBLFOOD,HDFCAMC,TMPV,ETERNAL,MARUTI
LT,ICICIBANK,KOTAKBANK,CANBK,TVSMOTOR,BRITANNIA,COFORGE,SUNTV,HINDALCO,DIVISLAB,PNB,IDFCFIRSTB,OBEROIRLTY,CIPLA,KALYANKJIL,BPCL,OIL,MARUTI,COALINDIA,INDIGO,ZENTEC,IRCTC,CAMS,ASHOKLEY,MARUTI,DIXON
ICICIBANK,INFY,CANBK,BANKBARODA,EICHERMOT,NESTLEIND,PERSISTENT,NETWORK18,SAIL,TORNTPHARM,INDIANB,FEDERALBNK,PRESTIGE,DRREDDY,HAVELLS,IOC,COALINDIA,DIXON,PETRONET,DLF,BHARATFORG,GMRAIRPORT,360ONE,TVSMOTOR,TMPV,SHRIRAMFIN
INFY,SBIN,BANKBARODA,BPCL,BHARATFORG,TATACONSUM,TECHM,TIPSMUSIC,HINDZINC,LAURUSLABS,MAHABANK,INDUSINDBK,PHOENIXLTD,DIVISLAB,VOLTAS,GAIL,HINDALCO,DLF,BPCL,POWERGRID,DATAPATTNS,LEMONTREE,ANGELONE,EICHERMOT,PETRONET,BAJFINANCE
PARAS,BEL,UNIONBANK,IOC,BAJAJ-AUTO,PATANJALI,MPHASIS,SAREGAMA,JINDALSTEL,MANKIND,BANKINDIA,YESBANK,SIGNATURE,FORTIS,BLUESTARCO,HINDPETRO,BPCL,ITC,IOC,ASHOKLEY,MTARTECH,BLS,KFINTECH,OLAELEC,ASHOKLEY,ITC
SBIN,ONGC,PNB,GAIL,HEROMOTOCO,UNITDSPR,LTM,HATHWAY,ADANIENT,ZYDUSLIFE,CENTRALBK,RBLBANK,BRIGADE,TORNTPHARM,CROMPTON,MGL,IOC,HINDUNILVR,GAIL,BPCL,MAZDOCK,TBOTEK,NAM-INDIA,FORCEMOT,SWIGGY,TMPV
BEL,M&M,IDFCFIRSTB,TVSMOTOR,MOTHERSON,MARICO,OFSS,DBCORP,NMDC,BIOCON,IOB,BANDHANBNK,SOBHA,LAURUSLABS,KAJARIACER,GUJGASLTD,ULTRACEMCO,APOLLOHOSP,NTPC,ADANIPORTS,BDL,DBREALTY,NUVAMA,BHARATFORG,BPCL,HINDUNILVR
ONGC,TATASTEEL,FEDERALBNK,HINDZINC,BOSCHLTD,DABUR,,,JSWSTEEL,AUROPHARMA,UCOBANK,,,MANKIND,BATAINDIA,IGL,NTPC,TVSMOTOR,BHEL,IOC,GRSE,EIHOTEL,IEX,BAJAJ-AUTO,ADANIPORTS,ASHOKLEY
M&M,INDIGO,INDUSINDBK,PFC,UNOMINDA,RADICO,,,APLAPOLLO,WOCKPHARMA,PSB,,,ZYDUSLIFE,WHIRLPOOL,CASTROLIND,JINDALSTEL,EICHERMOT,POWERINDIA,APOLLOHOSP,COCHINSHIP,CHALET,MOTILALOFS,KEI,IOC,BANKBARODA
TATASTEEL,ETERNAL,AUBANK,RECLTD,TIINDIA,COLPAL,,,JSL,GLENMARK,,,,BIOCON,CERA,GSPL,HINDPETRO,TITAN,GVT&D,ULTRACEMCO,DYNAMATECH,THELEELA,ANANDRATHI,CGPOWER,GAIL,IDEA
NETWEB,MARUTI,YESBANK,VBL,SONACOMS,UBL,,,WELCORP,ABBOTINDIA,,,,AUROPHARMA,CENTURYPLY,ATGL,GRASIM,ASIANPAINT,SUZLON,GAIL,ASTRAMICRO,DEVYANI,ABSLAMC,HEROMOTOCO,TVSMOTOR,ULTRACEMCO
BSE,SHRIRAMFIN,,JINDALSTEL,EXIDEIND,EMAMILTD,,,LLOYDSME,ALKEM,,,,GLENMARK,VGUARD,AEGISLOG,TORNTPOWER,VBL,HINDPETRO,NTPC,BEML,VENTIVE,UTIAMC,MOTHERSON,EICHERMOT,TVSMOTOR
INDIGO,TCS,,IRFC,,,,,,JBCHEPHARM,,,,ABBOTINDIA,,,NMDC,MAXHEALTH,CGPOWER,CUMMINSIND,MIDHANI,SAPPHIRE,,HYUNDAI,BHARATFORG,EICHERMOT
ETERNAL,SUNPHARMA,,LODHA,,,,,,PPLPHARMA,,,,ALKEM,,,ADANIPOWER,BAJAJ-AUTO,TORNTPOWER,MAXHEALTH,CYIENTDLM,,,BOSCHLTD,BAJAJ-AUTO,NTPC
VEDL,BAJFINANCE,,PNB,,,,,,AJANTPHARM,,,,SYNGENE,,,UPL,TRENT,ADANIPOWER,GODREJPROP,UNIMECH,,,UNOMINDA,HINDPETRO,CUMMINSIND
OIL,POWERGRID,,CGPOWER,,,,,,GLAND,,,,PPLPHARMA,,,TATAPOWER,HEROMOTOCO,TATAPOWER,BHARATFORG,,,,TIINDIA,HEROMOTOCO,HDFCLIFE
MARUTI,COALINDIA,,CHOLAFIN,,,,,,IPCALAB,,,,IPCALAB,,,JSWSTEEL,ADANIPOWER,RPOWER,SUZLON,,,,KPITTECH,MOTHERSON,ASIANPAINT
HAL,AXISBANK,,DIVISLAB,,,,,,,,,,,,,ADANIGREEN,DMART,ADANIGREEN,HINDPETRO,,,,TATAELXSI,HYUNDAI,BAJAJ-AUTO
HINDCOPPER,ITC,,ADANIPOWER,,,,,,,,,,,,,ADANIENSOL,TATAPOWER,ADANIENSOL,CGPOWER,,,,ATHERENERG,BOSCHLTD,PNB
NATIONALUM,KOTAKBANK,,DMART,,,,,,,,,,,,,PIDILITIND,INDHOTEL,ABB,GRASIM,,,,HSCL,IRCTC,INDIANB
DIXON,HINDALCO,,MAZDOCK,,,,,,,,,,,,,NHPC,GODREJCP,ENRIN,INDUSTOWER,,,,SONACOMS,TIINDIA,MUTHOOTFIN
SOLARINDS,TMPV,,TATAPOWER,,,,,,,,,,,,,APLAPOLLO,NAUKRI,NHPC,TATAPOWER,,,,SCHAEFFLER,MRF,HEROMOTOCO
SHRIRAMFIN,HINDUNILVR,,INDHOTEL,,,,,,,,,,,,,AMBUJACEM,BRITANNIA,SIEMENS,INDHOTEL,,,,TATATECH,GMRAIRPORT,GRASIM
TCS,ADANIPORTS,,GODREJCP,,,,,,,,,,,,,SRF,NESTLEIND,MGL,MOTHERSON,,,,OLECTRA,CONCOR,TORNTPOWER
SUNPHARMA,APOLLOHOSP,,MOTHERSON,,,,,,,,,,,,,SHREECEM,TATACONSUM,GUJGASLTD,ADANIGREEN,,,,EXIDEIND,SONACOMS,CHOLAFIN
BAJFINANCE,ULTRACEMCO,,HYUNDAI,,,,,,,,,,,,,JSWENERGY,HAVELLS,INOXWIND,AMBUJACEM,,,,TATACHEM,BALKRISIND,ADANIPOWER
DLF,EICHERMOT,,TORNTPHARM,,,,,,,,,,,,,PIIND,UNITDSPR,IGL,SHREECEM,,,,ARE&M,ATGL,BANKINDIA
POWERGRID,HCLTECH,,NAUKRI,,,,,,,,,,,,,,,JSWENERGY,,,,,JWL,,UPL
COALINDIA,TITAN,,BRITANNIA,,,,,,,,,,,,,,,JPPOWER,,,,,LTTS,,TATAPOWER
SAGILITY,NTPC,,ADANIGREEN,,,,,,,,,,,,,,,NLCINDIA,,,,,FLUOROCHEM,,GODREJCP
AXISBANK,BAJAJFINSV,,BOSCHLTD,,,,,,,,,,,,,,,CASTROLIND,,,,,MSUMI,,HYUNDAI
CHENNPETRO,HDFCLIFE,,ADANIENSOL,,,,,,,,,,,,,,,GSPL,,,,,JBMA,,SBILIFE
ITC,WIPRO,,ABB,,,,,,,,,,,,,,,SJVN,,,,,,,BRITANNIA
KOTAKBANK,ASIANPAINT,,PIDILITIND,,,,,,,,,,,,,,,ATGL,,,,,,,ADANIGREEN
MCX,MAXHEALTH,,ENRIN,,,,,,,,,,,,,,,CESC,,,,,,,IRCTC
HINDALCO,JIOFIN,,SIEMENS,,,,,,,,,,,,,,,THERMAX,,,,,,,BANDHANBNK
TMPV,ADANIENT,,ICICIGI,,,,,,,,,,,,,,,AEGISLOG,,,,,,,SUPREMEIND
HINDUNILVR,BAJAJ-AUTO,,HAVELLS,,,,,,,,,,,,,,,,,,,,,,NESTLEIND
PETRONET,TRENT,,ZYDUSLIFE,,,,,,,,,,,,,,,,,,,,,,NHPC
ASHOKLEY,CIPLA,,UNITDSPR,,,,,,,,,,,,,,,,,,,,,,TATACONSUM
SAIL,GRASIM,,AMBUJACEM,,,,,,,,,,,,,,,,,,,,,,HAVELLS
SWIGGY,TECHM,,LICI,,,,,,,,,,,,,,,,,,,,,,MFSL
CANBK,DRREDDY,,SHREECEM,,,,,,,,,,,,,,,,,,,,,,POONAWALLA
BANKBARODA,JSWSTEEL,,LTM,,,,,,,,,,,,,,,,,,,,,,PATANJALI
BPCL,SBILIFE,,JSWENERGY,,,,,,,,,,,,,,,,,,,,,,AMBUJACEM
ADANIPORTS,NESTLEIND,,BAJAJHLDNG,,,,,,,,,,,,,,,,,,,,,,LICI
IDEA,TATACONSUM,,BAJAJHFL,,,,,,,,,,,,,,,,,,,,,,COROMANDEL
IOC,,,,,,,,,,,,,,,,,,,,,,,,,VOLTAS
APOLLOHOSP,,,,,,,,,,,,,,,,,,,,,,,,,SHREECEM
ULTRACEMCO,,,,,,,,,,,,,,,,,,,,,,,,,SUNDARMFIN
ZENTEC,,,,,,,,,,,,,,,,,,,,,,,,,LICHSGFIN
GAIL,,,,,,,,,,,,,,,,,,,,,,,,,MARICO
UNIONBANK,,,,,,,,,,,,,,,,,,,,,,,,,DABUR
TVSMOTOR,,,,,,,,,,,,,,,,,,,,,,,,,BLUESTARCO
EICHERMOT,,,,,,,,,,,,,,,,,,,,,,,,,SBICARD
KAYNES,,,,,,,,,,,,,,,,,,,,,,,,,ASTRAL
HINDZINC,,,,,,,,,,,,,,,,,,,,,,,,,JSWENERGY
HCLTECH,,,,,,,,,,,,,,,,,,,,,,,,,PIIND
OLAELEC,,,,,,,,,,,,,,,,,,,,,,,,,CROMPTON
PAYTM,,,,,,,,,,,,,,,,,,,,,,,,,M&MFIN
TITAN,,,,,,,,,,,,,,,,,,,,,,,,,PNBHOUSING
PFC,,,,,,,,,,,,,,,,,,,,,,,,,COLPAL
NTPC,,,,,,,,,,,,,,,,,,,,,,,,,ICICIPRULI
CUMMINSIND,,,,,,,,,,,,,,,,,,,,,,,,,ZEEL
BAJAJFINSV,,,,,,,,,,,,,,,,,,,,,,,,,ACC
HDFCLIFE,,,,,,,,,,,,,,,,,,,,,,,,,DALBHARAT
POLYCAB,,,,,,,,,,,,,,,,,,,,,,,,,TATACOMM
BHEL,,,,,,,,,,,,,,,,,,,,,,,,,JKCEMENT
POWERINDIA,,,,,,,,,,,,,,,,,,,,,,,,,ESCORTS
WIPRO,,,,,,,,,,,,,,,,,,,,,,,,,BERGEPAINT
RECLTD,,,,,,,,,,,,,,,,,,,,,,,,,EMAMILTD
ASIANPAINT,,,,,,,,,,,,,,,,,,,,,,,,,ELGIEQUIP
VBL,,,,,,,,,,,,,,,,,,,,,,,,,
COFORGE,,,,,,,,,,,,,,,,,,,,,,,,,
MAXHEALTH,,,,,,,,,,,,,,,,,,,,,,,,,
FORCEMOT,,,,,,,,,,,,,,,,,,,,,,,,,
PRAJIND,,,,,,,,,,,,,,,,,,,,,,,,,
JINDALSTEL,,,,,,,,,,,,,,,,,,,,,,,,,
GVT&D,,,,,,,,,,,,,,,,,,,,,,,,,
GODREJPROP,,,,,,,,,,,,,,,,,,,,,,,,,
JIOFIN,,,,,,,,,,,,,,,,,,,,,,,,,
BALRAMCHIN,,,,,,,,,,,,,,,,,,,,,,,,,
PERSISTENT,,,,,,,,,,,,,,,,,,,,,,,,,
VMM,,,,,,,,,,,,,,,,,,,,,,,,,
ADANIENT,,,,,,,,,,,,,,,,,,,,,,,,,
IRFC,,,,,,,,,,,,,,,,,,,,,,,,,
LODHA,,,,,,,,,,,,,,,,,,,,,,,,,
BHARATFORG,,,,,,,,,,,,,,,,,,,,,,,,,
CDSL,,,,,,,,,,,,,,,,,,,,,,,,,
DATAPATTNS,,,,,,,,,,,,,,,,,,,,,,,,,
LUPIN,,,,,,,,,,,,,,,,,,,,,,,,,
BAJAJ-AUTO,,,,,,,,,,,,,,,,,,,,,,,,,
PNB,,,,,,,,,,,,,,,,,,,,,,,,,
TRENT,,,,,,,,,,,,,,,,,,,,,,,,,
NATCOPHARM,,,,,,,,,,,,,,,,,,,,,,,,,
SUZLON,,,,,,,,,,,,,,,,,,,,,,,,,
IDFCFIRSTB,,,,,,,,,,,,,,,,,,,,,,,,,
WAAREEENER,,,,,,,,,,,,,,,,,,,,,,,,,
KEI,,,,,,,,,,,,,,,,,,,,,,,,,
INDIANB,,,,,,,,,,,,,,,,,,,,,,,,,
RVNL,,,,,,,,,,,,,,,,,,,,,,,,,
SUNDRMFAST,,,,,,,,,,,,,,,,,,,,,,,,,
HINDPETRO,,,,,,,,,,,,,,,,,,,,,,,,,
CGPOWER,,,,,,,,,,,,,,,,,,,,,,,,,
CIPLA,,,,,,,,,,,,,,,,,,,,,,,,,
HDFCAMC,,,,,,,,,,,,,,,,,,,,,,,,,
MTARTECH,,,,,,,,,,,,,,,,,,,,,,,,,
MUTHOOTFIN,,,,,,,,,,,,,,,,,,,,,,,,,
FEDERALBNK,,,,,,,,,,,,,,,,,,,,,,,,,
HEROMOTOCO,,,,,,,,,,,,,,,,,,,,,,,,,
GRASIM,,,,,,,,,,,,,,,,,,,,,,,,,
TORNTPOWER,,,,,,,,,,,,,,,,,,,,,,,,,
CHOLAFIN,,,,,,,,,,,,,,,,,,,,,,,,,
MRPL,,,,,,,,,,,,,,,,,,,,,,,,,
TECHM,,,,,,,,,,,,,,,,,,,,,,,,,
DRREDDY,,,,,,,,,,,,,,,,,,,,,,,,,
NMDC,,,,,,,,,,,,,,,,,,,,,,,,,
MAHABANK,,,,,,,,,,,,,,,,,,,,,,,,,
INDUSTOWER,,,,,,,,,,,,,,,,,,,,,,,,,
ITCHOTELS,,,,,,,,,,,,,,,,,,,,,,,,,
INDUSINDBK,,,,,,,,,,,,,,,,,,,,,,,,,
DIVISLAB,,,,,,,,,,,,,,,,,,,,,,,,,
ADANIPOWER,,,,,,,,,,,,,,,,,,,,,,,,,
DMART,,,,,,,,,,,,,,,,,,,,,,,,,
AMBER,,,,,,,,,,,,,,,,,,,,,,,,,
LTF,,,,,,,,,,,,,,,,,,,,,,,,,
BANKINDIA,,,,,,,,,,,,,,,,,,,,,,,,,
AUBANK,,,,,,,,,,,,,,,,,,,,,,,,,
IDBI,,,,,,,,,,,,,,,,,,,,,,,,,
YESBANK,,,,,,,,,,,,,,,,,,,,,,,,,
UPL,,,,,,,,,,,,,,,,,,,,,,,,,
POLYMED,,,,,,,,,,,,,,,,,,,,,,,,,
MAZDOCK,,,,,,,,,,,,,,,,,,,,,,,,,
RBLBANK,,,,,,,,,,,,,,,,,,,,,,,,,
POLICYBZR,,,,,,,,,,,,,,,,,,,,,,,,,
TATAPOWER,,,,,,,,,,,,,,,,,,,,,,,,,
JSWSTEEL,,,,,,,,,,,,,,,,,,,,,,,,,
INDHOTEL,,,,,,,,,,,,,,,,,,,,,,,,,
GODREJCP,,,,,,,,,,,,,,,,,,,,,,,,,
MOTHERSON,,,,,,,,,,,,,,,,,,,,,,,,,
CAMS,,,,,,,,,,,,,,,,,,,,,,,,,
HYUNDAI,,,,,,,,,,,,,,,,,,,,,,,,,
BDL,,,,,,,,,,,,,,,,,,,,,,,,,
JUBLFOOD,,,,,,,,,,,,,,,,,,,,,,,,,
ABCAPITAL,,,,,,,,,,,,,,,,,,,,,,,,,
FORTIS,,,,,,,,,,,,,,,,,,,,,,,,,
RPOWER,,,,,,,,,,,,,,,,,,,,,,,,,
SBILIFE,,,,,,,,,,,,,,,,,,,,,,,,,
TORNTPHARM,,,,,,,,,,,,,,,,,,,,,,,,,
KARURVYSYA,,,,,,,,,,,,,,,,,,,,,,,,,
APARINDS,,,,,,,,,,,,,,,,,,,,,,,,,
NEWGEN,,,,,,,,,,,,,,,,,,,,,,,,,
MANAPPURAM,,,,,,,,,,,,,,,,,,,,,,,,,
NAUKRI,,,,,,,,,,,,,,,,,,,,,,,,,
BRITANNIA,,,,,,,,,,,,,,,,,,,,,,,,,
ADANIGREEN,,,,,,,,,,,,,,,,,,,,,,,,,
BOSCHLTD,,,,,,,,,,,,,,,,,,,,,,,,,
ADANIENSOL,,,,,,,,,,,,,,,,,,,,,,,,,
SAMMAANCAP,,,,,,,,,,,,,,,,,,,,,,,,,
REDINGTON,,,,,,,,,,,,,,,,,,,,,,,,,
IRCTC,,,,,,,,,,,,,,,,,,,,,,,,,
ABB,,,,,,,,,,,,,,,,,,,,,,,,,
PIDILITIND,,,,,,,,,,,,,,,,,,,,,,,,,
PGEL,,,,,,,,,,,,,,,,,,,,,,,,,
STLTECH,,,,,,,,,,,,,,,,,,,,,,,,,
BANDHANBNK,,,,,,,,,,,,,,,,,,,,,,,,,
LAURUSLABS,,,,,,,,,,,,,,,,,,,,,,,,,
JKTYRE,,,,,,,,,,,,,,,,,,,,,,,,,
MPHASIS,,,,,,,,,,,,,,,,,,,,,,,,,
MANKIND,,,,,,,,,,,,,,,,,,,,,,,,,
UNOMINDA,,,,,,,,,,,,,,,,,,,,,,,,,
NAVINFLUOR,,,,,,,,,,,,,,,,,,,,,,,,,
TIINDIA,,,,,,,,,,,,,,,,,,,,,,,,,
ENRIN,,,,,,,,,,,,,,,,,,,,,,,,,
KRN,,,,,,,,,,,,,,,,,,,,,,,,,
SUPREMEIND,,,,,,,,,,,,,,,,,,,,,,,,,
GRSE,,,,,,,,,,,,,,,,,,,,,,,,,
NESTLEIND,,,,,,,,,,,,,,,,,,,,,,,,,
NHPC,,,,,,,,,,,,,,,,,,,,,,,,,
RAIN,,,,,,,,,,,,,,,,,,,,,,,,,
TATACONSUM,,,,,,,,,,,,,,,,,,,,,,,,,
SIEMENS,,,,,,,,,,,,,,,,,,,,,,,,,
MRF,,,,,,,,,,,,,,,,,,,,,,,,,
GMRAIRPORT,,,,,,,,,,,,,,,,,,,,,,,,,
ICICIGI,,,,,,,,,,,,,,,,,,,,,,,,,
KALYANKJIL,,,,,,,,,,,,,,,,,,,,,,,,,
AVANTIFEED,,,,,,,,,,,,,,,,,,,,,,,,,
360ONE,,,,,,,,,,,,,,,,,,,,,,,,,
APLAPOLLO,,,,,,,,,,,,,,,,,,,,,,,,,
ANANTRAJ,,,,,,,,,,,,,,,,,,,,,,,,,
KPITTECH,,,,,,,,,,,,,,,,,,,,,,,,,
HAVELLS,,,,,,,,,,,,,,,,,,,,,,,,,
ANGELONE,,,,,,,,,,,,,,,,,,,,,,,,,
TARIL,,,,,,,,,,,,,,,,,,,,,,,,,
TATAELXSI,,,,,,,,,,,,,,,,,,,,,,,,,
ECLERX,,,,,,,,,,,,,,,,,,,,,,,,,
MGL,,,,,,,,,,,,,,,,,,,,,,,,,
GUJGASLTD,,,,,,,,,,,,,,,,,,,,,,,,,
GMDCLTD,,,,,,,,,,,,,,,,,,,,,,,,,
SCI,,,,,,,,,,,,,,,,,,,,,,,,,
IREDA,,,,,,,,,,,,,,,,,,,,,,,,,
RENUKA,,,,,,,,,,,,,,,,,,,,,,,,,
MFSL,,,,,,,,,,,,,,,,,,,,,,,,,
POONAWALLA,,,,,,,,,,,,,,,,,,,,,,,,,
COCHINSHIP,,,,,,,,,,,,,,,,,,,,,,,,,
OBEROIRLTY,,,,,,,,,,,,,,,,,,,,,,,,,
PRESTIGE,,,,,,,,,,,,,,,,,,,,,,,,,
NBCC,,,,,,,,,,,,,,,,,,,,,,,,,
ZYDUSLIFE,,,,,,,,,,,,,,,,,,,,,,,,,
PATANJALI,,,,,,,,,,,,,,,,,,,,,,,,,
CONCOR,,,,,,,,,,,,,,,,,,,,,,,,,
ATHERENERG,,,,,,,,,,,,,,,,,,,,,,,,,
UNITDSPR,,,,,,,,,,,,,,,,,,,,,,,,,
BIOCON,,,,,,,,,,,,,,,,,,,,,,,,,
AMBUJACEM,,,,,,,,,,,,,,,,,,,,,,,,,
AUROPHARMA,,,,,,,,,,,,,,,,,,,,,,,,,
GRAPHITE,,,,,,,,,,,,,,,,,,,,,,,,,
TRIVENI,,,,,,,,,,,,,,,,,,,,,,,,,
KTKBANK,,,,,,,,,,,,,,,,,,,,,,,,,
ENGINERSIN,,,,,,,,,,,,,,,,,,,,,,,,,
CARTRADE,,,,,,,,,,,,,,,,,,,,,,,,,
ACUTAAS,,,,,,,,,,,,,,,,,,,,,,,,,
WOCKPHARMA,,,,,,,,,,,,,,,,,,,,,,,,,
UJJIVANSFB,,,,,,,,,,,,,,,,,,,,,,,,,
KFINTECH,,,,,,,,,,,,,,,,,,,,,,,,,
LICI,,,,,,,,,,,,,,,,,,,,,,,,,
NYKAA,,,,,,,,,,,,,,,,,,,,,,,,,
COROMANDEL,,,,,,,,,,,,,,,,,,,,,,,,,
SYRMA,,,,,,,,,,,,,,,,,,,,,,,,,
VOLTAS,,,,,,,,,,,,,,,,,,,,,,,,,
NAM-INDIA,,,,,,,,,,,,,,,,,,,,,,,,,
SRF,,,,,,,,,,,,,,,,,,,,,,,,,
SHREECEM,,,,,,,,,,,,,,,,,,,,,,,,,
J&KBANK,,,,,,,,,,,,,,,,,,,,,,,,,
SUNDARMFIN,,,,,,,,,,,,,,,,,,,,,,,,,
LICHSGFIN,,,,,,,,,,,,,,,,,,,,,,,,,
TDPOWERSYS,,,,,,,,,,,,,,,,,,,,,,,,,
SOUTHBANK,,,,,,,,,,,,,,,,,,,,,,,,,
MARICO,,,,,,,,,,,,,,,,,,,,,,,,,
NUVAMA,,,,,,,,,,,,,,,,,,,,,,,,,
JSL,,,,,,,,,,,,,,,,,,,,,,,,,
GODFRYPHLP,,,,,,,,,,,,,,,,,,,,,,,,,
HSCL,,,,,,,,,,,,,,,,,,,,,,,,,
GLENMARK,,,,,,,,,,,,,,,,,,,,,,,,,
DABUR,,,,,,,,,,,,,,,,,,,,,,,,,
HFCL,,,,,,,,,,,,,,,,,,,,,,,,,
LTM,,,,,,,,,,,,,,,,,,,,,,,,,
BLUESTARCO,,,,,,,,,,,,,,,,,,,,,,,,,
OFSS,,,,,,,,,,,,,,,,,,,,,,,,,
INOXWIND,,,,,,,,,,,,,,,,,,,,,,,,,
CREDITACC,,,,,,,,,,,,,,,,,,,,,,,,,
GESHIP,,,,,,,,,,,,,,,,,,,,,,,,,
HBLENGINE,,,,,,,,,,,,,,,,,,,,,,,,,
SBICARD,,,,,,,,,,,,,,,,,,,,,,,,,
LALPATHLAB,,,,,,,,,,,,,,,,,,,,,,,,,
SAILIFE,,,,,,,,,,,,,,,,,,,,,,,,,
IFCI,,,,,,,,,,,,,,,,,,,,,,,,,
RADICO,,,,,,,,,,,,,,,,,,,,,,,,,
ASTRAL,,,,,,,,,,,,,,,,,,,,,,,,,
FINCABLES,,,,,,,,,,,,,,,,,,,,,,,,,
IGL,,,,,,,,,,,,,,,,,,,,,,,,,
JAMNAAUTO,,,,,,,,,,,,,,,,,,,,,,,,,
JSWENERGY,,,,,,,,,,,,,,,,,,,,,,,,,
CUB,,,,,,,,,,,,,,,,,,,,,,,,,
PAGEIND,,,,,,,,,,,,,,,,,,,,,,,,,
ABBOTINDIA,,,,,,,,,,,,,,,,,,,,,,,,,
IIFL,,,,,,,,,,,,,,,,,,,,,,,,,
DYNAMATECH,,,,,,,,,,,,,,,,,,,,,,,,,
PIIND,,,,,,,,,,,,,,,,,,,,,,,,,
BELRISE,,,,,,,,,,,,,,,,,,,,,,,,,
PREMIERENE,,,,,,,,,,,,,,,,,,,,,,,,,
ABLBL,,,,,,,,,,,,,,,,,,,,,,,,,
CROMPTON,,,,,,,,,,,,,,,,,,,,,,,,,
TITAGARH,,,,,,,,,,,,,,,,,,,,,,,,,
LUMAXTECH,,,,,,,,,,,,,,,,,,,,,,,,,
PHOENIXLTD,,,,,,,,,,,,,,,,,,,,,,,,,
HUDCO,,,,,,,,,,,,,,,,,,,,,,,,,
M&MFIN,,,,,,,,,,,,,,,,,,,,,,,,,
HEG,,,,,,,,,,,,,,,,,,,,,,,,,
AWL,,,,,,,,,,,,,,,,,,,,,,,,,
IEX,,,,,,,,,,,,,,,,,,,,,,,,,
EIDPARRY,,,,,,,,,,,,,,,,,,,,,,,,,
PNBHOUSING,,,,,,,,,,,,,,,,,,,,,,,,,
IIFLCAPS,,,,,,,,,,,,,,,,,,,,,,,,,
RELIGARE,,,,,,,,,,,,,,,,,,,,,,,,,
COLPAL,,,,,,,,,,,,,,,,,,,,,,,,,
EDELWEISS,,,,,,,,,,,,,,,,,,,,,,,,,
MOTILALOFS,,,,,,,,,,,,,,,,,,,,,,,,,
WELCORP,,,,,,,,,,,,,,,,,,,,,,,,,
SONACOMS,,,,,,,,,,,,,,,,,,,,,,,,,
BAJAJHLDNG,,,,,,,,,,,,,,,,,,,,,,,,,
FSL,,,,,,,,,,,,,,,,,,,,,,,,,
PARADEEP,,,,,,,,,,,,,,,,,,,,,,,,,
ANANDRATHI,,,,,,,,,,,,,,,,,,,,,,,,,
ICICIPRULI,,,,,,,,,,,,,,,,,,,,,,,,,
SCHAEFFLER,,,,,,,,,,,,,,,,,,,,,,,,,
BAJAJHFL,,,,,,,,,,,,,,,,,,,,,,,,,
ASTRAMICRO,,,,,,,,,,,,,,,,,,,,,,,,,
GRANULES,,,,,,,,,,,,,,,,,,,,,,,,,
KAJARIACER,,,,,,,,,,,,,,,,,,,,,,,,,
TATATECH,,,,,,,,,,,,,,,,,,,,,,,,,
THANGAMAYL,,,,,,,,,,,,,,,,,,,,,,,,,
CENTRALBK,,,,,,,,,,,,,,,,,,,,,,,,,
LEMONTREE,,,,,,,,,,,,,,,,,,,,,,,,,
GPIL,,,,,,,,,,,,,,,,,,,,,,,,,
AFFLE,,,,,,,,,,,,,,,,,,,,,,,,,
NCC,,,,,,,,,,,,,,,,,,,,,,,,,
HOMEFIRST,,,,,,,,,,,,,,,,,,,,,,,,,
ANURAS,,,,,,,,,,,,,,,,,,,,,,,,,
JSWINFRA,,,,,,,,,,,,,,,,,,,,,,,,,
JPPOWER,,,,,,,,,,,,,,,,,,,,,,,,,
DCBBANK,,,,,,,,,,,,,,,,,,,,,,,,,
CEATLTD,,,,,,,,,,,,,,,,,,,,,,,,,
ALKEM,,,,,,,,,,,,,,,,,,,,,,,,,
BSOFT,,,,,,,,,,,,,,,,,,,,,,,,,
ASTERDM,,,,,,,,,,,,,,,,,,,,,,,,,
NH,,,,,,,,,,,,,,,,,,,,,,,,,
YATHARTH,,,,,,,,,,,,,,,,,,,,,,,,,
APTUS,,,,,,,,,,,,,,,,,,,,,,,,,
DELHIVERY,,,,,,,,,,,,,,,,,,,,,,,,,
PTCIL,,,,,,,,,,,,,,,,,,,,,,,,,
VOLTAMP,,,,,,,,,,,,,,,,,,,,,,,,,
ZEEL,,,,,,,,,,,,,,,,,,,,,,,,,
SWANCORP,,,,,,,,,,,,,,,,,,,,,,,,,
CHOLAHLDNG,,,,,,,,,,,,,,,,,,,,,,,,,
LLOYDSME,,,,,,,,,,,,,,,,,,,,,,,,,
GOKEX,,,,,,,,,,,,,,,,,,,,,,,,,
BEML,,,,,,,,,,,,,,,,,,,,,,,,,
OLECTRA,,,,,,,,,,,,,,,,,,,,,,,,,
RAILTEL,,,,,,,,,,,,,,,,,,,,,,,,,
KIRLOSENG,,,,,,,,,,,,,,,,,,,,,,,,,
AARTIIND,,,,,,,,,,,,,,,,,,,,,,,,,
APOLLOTYRE,,,,,,,,,,,,,,,,,,,,,,,,,
JMFINANCIL,,,,,,,,,,,,,,,,,,,,,,,,,
EXIDEIND,,,,,,,,,,,,,,,,,,,,,,,,,
RRKABEL,,,,,,,,,,,,,,,,,,,,,,,,,
ACC,,,,,,,,,,,,,,,,,,,,,,,,,
SHAKTIPUMP,,,,,,,,,,,,,,,,,,,,,,,,,
IRB,,,,,,,,,,,,,,,,,,,,,,,,,
CHAMBLFERT,,,,,,,,,,,,,,,,,,,,,,,,,
IRCON,,,,,,,,,,,,,,,,,,,,,,,,,
DALBHARAT,,,,,,,,,,,,,,,,,,,,,,,,,
NLCINDIA,,,,,,,,,,,,,,,,,,,,,,,,,
GABRIEL,,,,,,,,,,,,,,,,,,,,,,,,,
SHARDACROP,,,,,,,,,,,,,,,,,,,,,,,,,
JINDALSAW,,,,,,,,,,,,,,,,,,,,,,,,,
EQUITASBNK,,,,,,,,,,,,,,,,,,,,,,,,,
AZAD,,,,,,,,,,,,,,,,,,,,,,,,,
AADHARHFC,,,,,,,,,,,,,,,,,,,,,,,,,
JBCHEPHARM,,,,,,,,,,,,,,,,,,,,,,,,,
STAR,,,,,,,,,,,,,,,,,,,,,,,,,
IKS,,,,,,,,,,,,,,,,,,,,,,,,,
IOB,,,,,,,,,,,,,,,,,,,,,,,,,
TRANSRAILL,,,,,,,,,,,,,,,,,,,,,,,,,
SYNGENE,,,,,,,,,,,,,,,,,,,,,,,,,
SANDUMA,,,,,,,,,,,,,,,,,,,,,,,,,
IGIL,,,,,,,,,,,,,,,,,,,,,,,,,
WABAG,,,,,,,,,,,,,,,,,,,,,,,,,
HEXT,,,,,,,,,,,,,,,,,,,,,,,,,
CASTROLIND,,,,,,,,,,,,,,,,,,,,,,,,,
PVRINOX,,,,,,,,,,,,,,,,,,,,,,,,,
KPIGREEN,,,,,,,,,,,,,,,,,,,,,,,,,
SHAILY,,,,,,,,,,,,,,,,,,,,,,,,,
FIRSTCRY,,,,,,,,,,,,,,,,,,,,,,,,,
UCOBANK,,,,,,,,,,,,,,,,,,,,,,,,,
TATACHEM,,,,,,,,,,,,,,,,,,,,,,,,,
SANSERA,,,,,,,,,,,,,,,,,,,,,,,,,
FIVESTAR,,,,,,,,,,,,,,,,,,,,,,,,,
PRIVISCL,,,,,,,,,,,,,,,,,,,,,,,,,
NEULANDLAB,,,,,,,,,,,,,,,,,,,,,,,,,
GSPL,,,,,,,,,,,,,,,,,,,,,,,,,
SHYAMMETL,,,,,,,,,,,,,,,,,,,,,,,,,
BATAINDIA,,,,,,,,,,,,,,,,,,,,,,,,,
TATACOMM,,,,,,,,,,,,,,,,,,,,,,,,,
BALUFORGE,,,,,,,,,,,,,,,,,,,,,,,,,
EMCURE,,,,,,,,,,,,,,,,,,,,,,,,,
PCJEWELLER,,,,,,,,,,,,,,,,,,,,,,,,,
GRWRHITECH,,,,,,,,,,,,,,,,,,,,,,,,,
HCC,,,,,,,,,,,,,,,,,,,,,,,,,
NAZARA,,,,,,,,,,,,,,,,,,,,,,,,,
IXIGO,,,,,,,,,,,,,,,,,,,,,,,,,
ARE&M,,,,,,,,,,,,,,,,,,,,,,,,,
SIGNATURE,,,,,,,,,,,,,,,,,,,,,,,,,
PPLPHARMA,,,,,,,,,,,,,,,,,,,,,,,,,
SARDAEN,,,,,,,,,,,,,,,,,,,,,,,,,
JWL,,,,,,,,,,,,,,,,,,,,,,,,,
CMSINFO,,,,,,,,,,,,,,,,,,,,,,,,,
SJVN,,,,,,,,,,,,,,,,,,,,,,,,,
BLS,,,,,,,,,,,,,,,,,,,,,,,,,
LTTS,,,,,,,,,,,,,,,,,,,,,,,,,
ZENSARTECH,,,,,,,,,,,,,,,,,,,,,,,,,
MOIL,,,,,,,,,,,,,,,,,,,,,,,,,
ENDURANCE,,,,,,,,,,,,,,,,,,,,,,,,,
INDIAMART,,,,,,,,,,,,,,,,,,,,,,,,,
BLACKBUCK,,,,,,,,,,,,,,,,,,,,,,,,,
JKCEMENT,,,,,,,,,,,,,,,,,,,,,,,,,
ZAGGLE,,,,,,,,,,,,,,,,,,,,,,,,,
KSB,,,,,,,,,,,,,,,,,,,,,,,,,
AETHER,,,,,,,,,,,,,,,,,,,,,,,,,
ABSLAMC,,,,,,,,,,,,,,,,,,,,,,,,,
BALKRISIND,,,,,,,,,,,,,,,,,,,,,,,,,
PRICOLLTD,,,,,,,,,,,,,,,,,,,,,,,,,
ATGL,,,,,,,,,,,,,,,,,,,,,,,,,
DEEPAKNTR,,,,,,,,,,,,,,,,,,,,,,,,,
ONESOURCE,,,,,,,,,,,,,,,,,,,,,,,,,
WEBELSOLAR,,,,,,,,,,,,,,,,,,,,,,,,,
CRAFTSMAN,,,,,,,,,,,,,,,,,,,,,,,,,
BIRLACORPN,,,,,,,,,,,,,,,,,,,,,,,,,
SENCO,,,,,,,,,,,,,,,,,,,,,,,,,
PCBL,,,,,,,,,,,,,,,,,,,,,,,,,
SHRIPISTON,,,,,,,,,,,,,,,,,,,,,,,,,
LLOYDSENT,,,,,,,,,,,,,,,,,,,,,,,,,
CHOICEIN,,,,,,,,,,,,,,,,,,,,,,,,,
AJANTPHARM,,,,,,,,,,,,,,,,,,,,,,,,,
KRBL,,,,,,,,,,,,,,,,,,,,,,,,,
SAMHI,,,,,,,,,,,,,,,,,,,,,,,,,
BRIGADE,,,,,,,,,,,,,,,,,,,,,,,,,
JYOTICNC,,,,,,,,,,,,,,,,,,,,,,,,,
TIMETECHNO,,,,,,,,,,,,,,,,,,,,,,,,,
INOXGREEN,,,,,,,,,,,,,,,,,,,,,,,,,
CESC,,,,,,,,,,,,,,,,,,,,,,,,,
GREAVESCOT,,,,,,,,,,,,,,,,,,,,,,,,,
RELINFRA,,,,,,,,,,,,,,,,,,,,,,,,,
SKYGOLD,,,,,,,,,,,,,,,,,,,,,,,,,
SWSOLAR,,,,,,,,,,,,,,,,,,,,,,,,,
TECHNOE,,,,,,,,,,,,,,,,,,,,,,,,,
AEGISVOPAK,,,,,,,,,,,,,,,,,,,,,,,,,
CYIENT,,,,,,,,,,,,,,,,,,,,,,,,,
JAIBALAJI,,,,,,,,,,,,,,,,,,,,,,,,,
AAVAS,,,,,,,,,,,,,,,,,,,,,,,,,
GRAVITA,,,,,,,,,,,,,,,,,,,,,,,,,
TATAINVEST,,,,,,,,,,,,,,,,,,,,,,,,,
GPPL,,,,,,,,,,,,,,,,,,,,,,,,,
KEC,,,,,,,,,,,,,,,,,,,,,,,,,
LINDEINDIA,,,,,,,,,,,,,,,,,,,,,,,,,
RBA,,,,,,,,,,,,,,,,,,,,,,,,,
KSCL,,,,,,,,,,,,,,,,,,,,,,,,,
RAINBOW,,,,,,,,,,,,,,,,,,,,,,,,,
BLUEJET,,,,,,,,,,,,,,,,,,,,,,,,,
FLUOROCHEM,,,,,,,,,,,,,,,,,,,,,,,,,
PATELENG,,,,,,,,,,,,,,,,,,,,,,,,,
WAAREERTL,,,,,,,,,,,,,,,,,,,,,,,,,
AURIONPRO,,,,,,,,,,,,,,,,,,,,,,,,,
SONATSOFTW,,,,,,,,,,,,,,,,,,,,,,,,,
KNRCON,,,,,,,,,,,,,,,,,,,,,,,,,
NTPCGREEN,,,,,,,,,,,,,,,,,,,,,,,,,
TEXRAIL,,,,,,,,,,,,,,,,,,,,,,,,,
JSWCEMENT,,,,,,,,,,,,,,,,,,,,,,,,,
INTELLECT,,,,,,,,,,,,,,,,,,,,,,,,,
DEEPAKFERT,,,,,,,,,,,,,,,,,,,,,,,,,
SUNTV,,,,,,,,,,,,,,,,,,,,,,,,,
ASHOKA,,,,,,,,,,,,,,,,,,,,,,,,,
WHIRLPOOL,,,,,,,,,,,,,,,,,,,,,,,,,
UBL,,,,,,,,,,,,,,,,,,,,,,,,,
UTIAMC,,,,,,,,,,,,,,,,,,,,,,,,,
SYMPHONY,,,,,,,,,,,,,,,,,,,,,,,,,
ACE,,,,,,,,,,,,,,,,,,,,,,,,,
PTC,,,,,,,,,,,,,,,,,,,,,,,,,
CEMPRO,,,,,,,,,,,,,,,,,,,,,,,,,
INDGN,,,,,,,,,,,,,,,,,,,,,,,,,
ZFCVINDIA,,,,,,,,,,,,,,,,,,,,,,,,,
HAPPSTMNDS,,,,,,,,,,,,,,,,,,,,,,,,,
GLAND,,,,,,,,,,,,,,,,,,,,,,,,,
ESCORTS,,,,,,,,,,,,,,,,,,,,,,,,,
LTFOODS,,,,,,,,,,,,,,,,,,,,,,,,,
MAPMYINDIA,,,,,,,,,,,,,,,,,,,,,,,,,
WELSPUNLIV,,,,,,,,,,,,,,,,,,,,,,,,,
ABDL,,,,,,,,,,,,,,,,,,,,,,,,,
NAVA,,,,,,,,,,,,,,,,,,,,,,,,,
BERGEPAINT,,,,,,,,,,,,,,,,,,,,,,,,,
V2RETAIL,,,,,,,,,,,,,,,,,,,,,,,,,
EMAMILTD,,,,,,,,,,,,,,,,,,,,,,,,,
GSFC,,,,,,,,,,,,,,,,,,,,,,,,,
BHARTIHEXA,,,,,,,,,,,,,,,,,,,,,,,,,
3MINDIA,,,,,,,,,,,,,,,,,,,,,,,,,
ELGIEQUIP,,,,,,,,,,,,,,,,,,,,,,,,,
GILLETTE,,,,,,,,,,,,,,,,,,,,,,,,,
CONCORDBIO,,,,,,,,,,,,,,,,,,,,,,,,,
CIGNITITEC,,,,,,,,,,,,,,,,,,,,,,,,,
DIACABS,,,,,,,,,,,,,,,,,,,,,,,,,
COHANCE,,,,,,,,,,,,,,,,,,,,,,,,,
KITEX,,,,,,,,,,,,,,,,,,,,,,,,,
MSUMI,,,,,,,,,,,,,,,,,,,,,,,,,
TI,,,,,,,,,,,,,,,,,,,,,,,,,
NSLNISP,,,,,,,,,,,,,,,,,,,,,,,,,
KPIL,,,,,,,,,,,,,,,,,,,,,,,,,
INDIASHLTR,,,,,,,,,,,,,,,,,,,,,,,,,
VTL,,,,,,,,,,,,,,,,,,,,,,,,,
ABFRL,,,,,,,,,,,,,,,,,,,,,,,,,
DBL,,,,,,,,,,,,,,,,,,,,,,,,,
KIMS,,,,,,,,,,,,,,,,,,,,,,,,,
IMFA,,,,,,,,,,,,,,,,,,,,,,,,,
JBMA,,,,,,,,,,,,,,,,,,,,,,,,,
CSBBANK,,,,,,,,,,,,,,,,,,,,,,,,,
THERMAX,,,,,,,,,,,,,,,,,,,,,,,,,
AARTIPHARM,,,,,,,,,,,,,,,,,,,,,,,,,
AIIL,,,,,,,,,,,,,,,,,,,,,,,,,
CLEAN,,,,,,,,,,,,,,,,,,,,,,,,,
VIYASH,,,,,,,,,,,,,,,,,,,,,,,,,
CANFINHOME,,,,,,,,,,,,,,,,,,,,,,,,,
EASEMYTRIP,,,,,,,,,,,,,,,,,,,,,,,,,
PNGJL,,,,,,,,,,,,,,,,,,,,,,,,,
CCL,,,,,,,,,,,,,,,,,,,,,,,,,
TRIDENT,,,,,,,,,,,,,,,,,,,,,,,,,
GMRP&UI,,,,,,,,,,,,,,,,,,,,,,,,,
TIMKEN,,,,,,,,,,,,,,,,,,,,,,,,,
ARVIND,,,,,,,,,,,,,,,,,,,,,,,,,
HONASA,,,,,,,,,,,,,,,,,,,,,,,,,
RITES,,,,,,,,,,,,,,,,,,,,,,,,,
AEGISLOG,,,,,,,,,,,,,,,,,,,,,,,,,
EPL,,,,,,,,,,,,,,,,,,,,,,,,,
ASAHIINDIA,,,,,,,,,,,,,,,,,,,,,,,,,
AVALON,,,,,,,,,,,,,,,,,,,,,,,,,
TANLA,,,,,,,,,,,,,,,,,,,,,,,,,
KPRMILL,,,,,,,,,,,,,,,,,,,,,,,,,
JYOTHYLAB,,,,,,,,,,,,,,,,,,,,,,,,,
AIAENG,,,,,,,,,,,,,,,,,,,,,,,,,
CGCL,,,,,,,,,,,,,,,,,,,,,,,,,
AFCONS,,,,,,,,,,,,,,,,,,,,,,,,,
TEGA,,,,,,,,,,,,,,,,,,,,,,,,,
RATEGAIN,,,,,,,,,,,,,,,,,,,,,,,,,
GODIGIT,,,,,,,,,,,,,,,,,,,,,,,,,
MANYAVAR,,,,,,,,,,,,,,,,,,,,,,,,,
AGI,,,,,,,,,,,,,,,,,,,,,,,,,
LLOYDSENGG,,,,,,,,,,,,,,,,,,,,,,,,,
JUSTDIAL,,,,,,,,,,,,,,,,,,,,,,,,,
BORORENEW,,,,,,,,,,,,,,,,,,,,,,,,,
EIEL,,,,,,,,,,,,,,,,,,,,,,,,,
SCHNEIDER,,,,,,,,,,,,,,,,,,,,,,,,,
TBOTEK,,,,,,,,,,,,,,,,,,,,,,,,,
JISLJALEQS,,,,,,,,,,,,,,,,,,,,,,,,,
NETWORK18,,,,,,,,,,,,,,,,,,,,,,,,,
USHAMART,,,,,,,,,,,,,,,,,,,,,,,,,
MIDHANI,,,,,,,,,,,,,,,,,,,,,,,,,
MAHSEAMLES,,,,,,,,,,,,,,,,,,,,,,,,,
MEDPLUS,,,,,,,,,,,,,,,,,,,,,,,,,
LATENTVIEW,,,,,,,,,,,,,,,,,,,,,,,,,
MASTEK,,,,,,,,,,,,,,,,,,,,,,,,,
RCF,,,,,,,,,,,,,,,,,,,,,,,,,
OSWALPUMPS,,,,,,,,,,,,,,,,,,,,,,,,,
TRITURBINE,,,,,,,,,,,,,,,,,,,,,,,,,
HGINFRA,,,,,,,,,,,,,,,,,,,,,,,,,
JKPAPER,,,,,,,,,,,,,,,,,,,,,,,,,
TIPSMUSIC,,,,,,,,,,,,,,,,,,,,,,,,,
FIEMIND,,,,,,,,,,,,,,,,,,,,,,,,,
DBREALTY,,,,,,,,,,,,,,,,,,,,,,,,,
GLAXO,,,,,,,,,,,,,,,,,,,,,,,,,
LXCHEM,,,,,,,,,,,,,,,,,,,,,,,,,
REFEX,,,,,,,,,,,,,,,,,,,,,,,,,
IPCALAB,,,,,,,,,,,,,,,,,,,,,,,,,
PGIL,,,,,,,,,,,,,,,,,,,,,,,,,
KIRLPNU,,,,,,,,,,,,,,,,,,,,,,,,,
ABREL,,,,,,,,,,,,,,,,,,,,,,,,,
BANCOINDIA,,,,,,,,,,,,,,,,,,,,,,,,,
RAMCOCEM,,,,,,,,,,,,,,,,,,,,,,,,,
MARKSANS,,,,,,,,,,,,,,,,,,,,,,,,,
CCAVENUE,,,,,,,,,,,,,,,,,,,,,,,,,
POWERMECH,,,,,,,,,,,,,,,,,,,,,,,,,
ATUL,,,,,,,,,,,,,,,,,,,,,,,,,
MEDANTA,,,,,,,,,,,,,,,,,,,,,,,,,
GNFC,,,,,,,,,,,,,,,,,,,,,,,,,
GICRE,,,,,,,,,,,,,,,,,,,,,,,,,
EIHOTEL,,,,,,,,,,,,,,,,,,,,,,,,,
INDIAGLYCO,,,,,,,,,,,,,,,,,,,,,,,,,
RATNAMANI,,,,,,,,,,,,,,,,,,,,,,,,,
BECTORFOOD,,,,,,,,,,,,,,,,,,,,,,,,,
BBTC,,,,,,,,,,,,,,,,,,,,,,,,,
RTNINDIA,,,,,,,,,,,,,,,,,,,,,,,,,
JSFB,,,,,,,,,,,,,,,,,,,,,,,,,
SOBHA,,,,,,,,,,,,,,,,,,,,,,,,,
CHALET,,,,,,,,,,,,,,,,,,,,,,,,,
ORCHPHARMA,,,,,,,,,,,,,,,,,,,,,,,,,
ROUTE,,,,,,,,,,,,,,,,,,,,,,,,,
HONAUT,,,,,,,,,,,,,,,,,,,,,,,,,
SURYAROSNI,,,,,,,,,,,,,,,,,,,,,,,,,
FACT,,,,,,,,,,,,,,,,,,,,,,,,,
GAEL,,,,,,,,,,,,,,,,,,,,,,,,,
MANORAMA,,,,,,,,,,,,,,,,,,,,,,,,,
SUDARSCHEM,,,,,,,,,,,,,,,,,,,,,,,,,
CRISIL,,,,,,,,,,,,,,,,,,,,,,,,,
HERITGFOOD,,,,,,,,,,,,,,,,,,,,,,,,,
RHIM,,,,,,,,,,,,,,,,,,,,,,,,,
ELECON,,,,,,,,,,,,,,,,,,,,,,,,,
SHILPAMED,,,,,,,,,,,,,,,,,,,,,,,,,
CIEINDIA,,,,,,,,,,,,,,,,,,,,,,,,,
JKIL,,,,,,,,,,,,,,,,,,,,,,,,,
THELEELA,,,,,,,,,,,,,,,,,,,,,,,,,
STARHEALTH,,,,,,,,,,,,,,,,,,,,,,,,,
VIJAYA,,,,,,,,,,,,,,,,,,,,,,,,,
MINDACORP,,,,,,,,,,,,,,,,,,,,,,,,,
JUBLPHARMA,,,,,,,,,,,,,,,,,,,,,,,,,
RKFORGE,,,,,,,,,,,,,,,,,,,,,,,,,
GMMPFAUDLR,,,,,,,,,,,,,,,,,,,,,,,,,
THYROCARE,,,,,,,,,,,,,,,,,,,,,,,,,
FINEORG,,,,,,,,,,,,,,,,,,,,,,,,,
JUBLINGREA,,,,,,,,,,,,,,,,,,,,,,,,,
AHLUCONT,,,,,,,,,,,,,,,,,,,,,,,,,
ANUP,,,,,,,,,,,,,,,,,,,,,,,,,
ENTERO,,,,,,,,,,,,,,,,,,,,,,,,,
ARVINDFASN,,,,,,,,,,,,,,,,,,,,,,,,,
RTNPOWER,,,,,,,,,,,,,,,,,,,,,,,,,
CAPLIPOINT,,,,,,,,,,,,,,,,,,,,,,,,,
MMTC,,,,,,,,,,,,,,,,,,,,,,,,,
INDIACEM,,,,,,,,,,,,,,,,,,,,,,,,,
PGHH,,,,,,,,,,,,,,,,,,,,,,,,,
HEMIPROP,,,,,,,,,,,,,,,,,,,,,,,,,
TARC,,,,,,,,,,,,,,,,,,,,,,,,,
INOXINDIA,,,,,,,,,,,,,,,,,,,,,,,,,
DEVYANI,,,,,,,,,,,,,,,,,,,,,,,,,
ACMESOLAR,,,,,,,,,,,,,,,,,,,,,,,,,
ELECTCAST,,,,,,,,,,,,,,,,,,,,,,,,,
PNCINFRA,,,,,,,,,,,,,,,,,,,,,,,,,
DATAMATICS,,,,,,,,,,,,,,,,,,,,,,,,,
HIKAL,,,,,,,,,,,,,,,,,,,,,,,,,
NESCO,,,,,,,,,,,,,,,,,,,,,,,,,
DOMS,,,,,,,,,,,,,,,,,,,,,,,,,
VAIBHAVGBL,,,,,,,,,,,,,,,,,,,,,,,,,
VARROC,,,,,,,,,,,,,,,,,,,,,,,,,
JKLAKSHMI,,,,,,,,,,,,,,,,,,,,,,,,,
FINPIPE,,,,,,,,,,,,,,,,,,,,,,,,,
SKIPPER,,,,,,,,,,,,,,,,,,,,,,,,,
ACI,,,,,,,,,,,,,,,,,,,,,,,,,
CAMPUS,,,,,,,,,,,,,,,,,,,,,,,,,
THOMASCOOK,,,,,,,,,,,,,,,,,,,,,,,,,
SBFC,,,,,,,,,,,,,,,,,,,,,,,,,
SUMICHEM,,,,,,,,,,,,,,,,,,,,,,,,,
POLYPLEX,,,,,,,,,,,,,,,,,,,,,,,,,
NIVABUPA,,,,,,,,,,,,,,,,,,,,,,,,,
RALLIS,,,,,,,,,,,,,,,,,,,,,,,,,
SUNTECK,,,,,,,,,,,,,,,,,,,,,,,,,
CELLO,,,,,,,,,,,,,,,,,,,,,,,,,
BASF,,,,,,,,,,,,,,,,,,,,,,,,,
BIKAJI,,,,,,,,,,,,,,,,,,,,,,,,,
SAFARI,,,,,,,,,,,,,,,,,,,,,,,,,
TSFINV,,,,,,,,,,,,,,,,,,,,,,,,,
BBL,,,,,,,,,,,,,,,,,,,,,,,,,
VESUVIUS,,,,,,,,,,,,,,,,,,,,,,,,,
SANOFICONR,,,,,,,,,,,,,,,,,,,,,,,,,
INDIGOPNTS,,,,,,,,,,,,,,,,,,,,,,,,,
KANSAINER,,,,,,,,,,,,,,,,,,,,,,,,,
PURVA,,,,,,,,,,,,,,,,,,,,,,,,,
MAHLIFE,,,,,,,,,,,,,,,,,,,,,,,,,
KIRLOSBROS,,,,,,,,,,,,,,,,,,,,,,,,,
EMIL,,,,,,,,,,,,,,,,,,,,,,,,,
EPIGRAL,,,,,,,,,,,,,,,,,,,,,,,,,
IFBIND,,,,,,,,,,,,,,,,,,,,,,,,,
ICIL,,,,,,,,,,,,,,,,,,,,,,,,,
BLUEDART,,,,,,,,,,,,,,,,,,,,,,,,,
ITI,,,,,,,,,,,,,,,,,,,,,,,,,
STYRENIX,,,,,,,,,,,,,,,,,,,,,,,,,
PRUDENT,,,,,,,,,,,,,,,,,,,,,,,,,
NFL,,,,,,,,,,,,,,,,,,,,,,,,,
GODREJIND,,,,,,,,,,,,,,,,,,,,,,,,,
ALOKINDS,,,,,,,,,,,,,,,,,,,,,,,,,
ASTRAZEN,,,,,,,,,,,,,,,,,,,,,,,,,
RAYMONDLSL,,,,,,,,,,,,,,,,,,,,,,,,,
ADVENZYMES,,,,,,,,,,,,,,,,,,,,,,,,,
STARCEMENT,,,,,,,,,,,,,,,,,,,,,,,,,
EMUDHRA,,,,,,,,,,,,,,,,,,,,,,,,,
AGARWALEYE,,,,,,,,,,,,,,,,,,,,,,,,,
AWFIS,,,,,,,,,,,,,,,,,,,,,,,,,
LMW,,,,,,,,,,,,,,,,,,,,,,,,,
AKUMS,,,,,,,,,,,,,,,,,,,,,,,,,
AKZOINDIA,,,,,,,,,,,,,,,,,,,,,,,,,
ALIVUS,,,,,,,,,,,,,,,,,,,,,,,,,
ISGEC,,,,,,,,,,,,,,,,,,,,,,,,,
EMBDL,,,,,,,,,,,,,,,,,,,,,,,,,
CARBORUNIV,,,,,,,,,,,,,,,,,,,,,,,,,
AARTIDRUGS,,,,,,,,,,,,,,,,,,,,,,,,,
BAYERCROP,,,,,,,,,,,,,,,,,,,,,,,,,
ETHOSLTD,,,,,,,,,,,,,,,,,,,,,,,,,
MAHSCOOTER,,,,,,,,,,,,,,,,,,,,,,,,,
DCAL,,,,,,,,,,,,,,,,,,,,,,,,,
TTML,,,,,,,,,,,,,,,,,,,,,,,,,
CYIENTDLM,,,,,,,,,,,,,,,,,,,,,,,,,
NUVOCO,,,,,,,,,,,,,,,,,,,,,,,,,
DCMSHRIRAM,,,,,,,,,,,,,,,,,,,,,,,,,
ERIS,,,,,,,,,,,,,,,,,,,,,,,,,
CERA,,,,,,,,,,,,,,,,,,,,,,,,,
SUPRIYA,,,,,,,,,,,,,,,,,,,,,,,,,
ORIENTCEM,,,,,,,,,,,,,,,,,,,,,,,,,
SAREGAMA,,,,,,,,,,,,,,,,,,,,,,,,,
CENTURYPLY,,,,,,,,,,,,,,,,,,,,,,,,,
IONEXCHANG,,,,,,,,,,,,,,,,,,,,,,,,,
IMAGICAA,,,,,,,,,,,,,,,,,,,,,,,,,
SANOFI,,,,,,,,,,,,,,,,,,,,,,,,,
ASKAUTOLTD,,,,,,,,,,,,,,,,,,,,,,,,,
GHCL,,,,,,,,,,,,,,,,,,,,,,,,,
TVSSCS,,,,,,,,,,,,,,,,,,,,,,,,,
VGUARD,,,,,,,,,,,,,,,,,,,,,,,,,
NIACL,,,,,,,,,,,,,,,,,,,,,,,,,
GODREJAGRO,,,,,,,,,,,,,,,,,,,,,,,,,
GULFOILLUB,,,,,,,,,,,,,,,,,,,,,,,,,
SUBROS,,,,,,,,,,,,,,,,,,,,,,,,,
HCG,,,,,,,,,,,,,,,,,,,,,,,,,
PFIZER,,,,,,,,,,,,,,,,,,,,,,,,,
VMART,,,,,,,,,,,,,,,,,,,,,,,,,
BALAMINES,,,,,,,,,,,,,,,,,,,,,,,,,
MSTCLTD,,,,,,,,,,,,,,,,,,,,,,,,,
ZYDUSWELL,,,,,,,,,,,,,,,,,,,,,,,,,
NEOGEN,,,,,,,,,,,,,,,,,,,,,,,,,
PARKHOTELS,,,,,,,,,,,,,,,,,,,,,,,,,
VIPIND,,,,,,,,,,,,,,,,,,,,,,,,,
SHAREINDIA,,,,,,,,,,,,,,,,,,,,,,,,,
DHANUKA,,,,,,,,,,,,,,,,,,,,,,,,,
DODLA,,,,,,,,,,,,,,,,,,,,,,,,,
VSTIND,,,,,,,,,,,,,,,,,,,,,,,,,
GATEWAY,,,,,,,,,,,,,,,,,,,,,,,,,
OPTIEMUS,,,,,,,,,,,,,,,,,,,,,,,,,
SPARC,,,,,,,,,,,,,,,,,,,,,,,,,
SHARDAMOTR,,,,,,,,,,,,,,,,,,,,,,,,,
GALLANTT,,,,,,,,,,,,,,,,,,,,,,,,,
WELENT,,,,,,,,,,,,,,,,,,,,,,,,,
APLLTD,,,,,,,,,,,,,,,,,,,,,,,,,
ALKYLAMINE,,,,,,,,,,,,,,,,,,,,,,,,,
PRSMJOHNSN,,,,,,,,,,,,,,,,,,,,,,,,,
AJAXENGG,,,,,,,,,,,,,,,,,,,,,,,,,
INGERRAND,,,,,,,,,,,,,,,,,,,,,,,,,
UNIMECH,,,,,,,,,,,,,,,,,,,,,,,,,
CEIGALL,,,,,,,,,,,,,,,,,,,,,,,,,
EUREKAFORB,,,,,,,,,,,,,,,,,,,,,,,,,
ALLCARGO,,,,,,,,,,,,,,,,,,,,,,,,,
SFL,,,,,,,,,,,,,,,,,,,,,,,,,
VINATIORGA,,,,,,,,,,,,,,,,,,,,,,,,,
VENTIVE,,,,,,,,,,,,,,,,,,,,,,,,,
GANECOS,,,,,,,,,,,,,,,,,,,,,,,,,
KSL,,,,,,,,,,,,,,,,,,,,,,,,,
METROPOLIS,,,,,,,,,,,,,,,,,,,,,,,,,
GARFIBRES,,,,,,,,,,,,,,,,,,,,,,,,,
RELAXO,,,,,,,,,,,,,,,,,,,,,,,,,
MANINFRA,,,,,,,,,,,,,,,,,,,,,,,,,
FDC,,,,,,,,,,,,,,,,,,,,,,,,,
PRINCEPIPE,,,,,,,,,,,,,,,,,,,,,,,,,
WESTLIFE,,,,,,,,,,,,,,,,,,,,,,,,,
SAPPHIRE,,,,,,,,,,,,,,,,,,,,,,,,,
LUXIND,,,,,,,,,,,,,,,,,,,,,,,,,
SUNFLAG,,,,,,,,,,,,,,,,,,,,,,,,,
BAJAJELEC,,,,,,,,,,,,,,,,,,,,,,,,,
GRINFRA,,,,,,,,,,,,,,,,,,,,,,,,,
QUESS,,,,,,,,,,,,,,,,,,,,,,,,,
MAXESTATES,,,,,,,,,,,,,,,,,,,,,,,,,
GANESHHOU,,,,,,,,,,,,,,,,,,,,,,,,,
TEAMLEASE,,,,,,,,,,,,,,,,,,,,,,,,,
INNOVACAP,,,,,,,,,,,,,,,,,,,,,,,,,
GREENPANEL,,,,,,,,,,,,,,,,,,,,,,,,,
BOSCH-HCIL,,,,,,,,,,,,,,,,,,,,,,,,,
JINDWORLD,,,,,,,,,,,,,,,,,,,,,,,,,
